task_uuid,parameter_uuid
72255554-d295-4684-9ff8-8d262849bb3d,caba3d46-2e06-4678-8690-542ce08acda0
72255554-d295-4684-9ff8-8d262849bb3d,b5beb647-26be-4e5e-bbee-b4279b9c8e90
72255554-d295-4684-9ff8-8d262849bb3d,200916e1-9f68-48ba-9fdd-672f27bfe123
72255554-d295-4684-9ff8-8d262849bb3d,58e5c73b-cad6-4b2c-8e25-635b4e5eb7c6
72255554-d295-4684-9ff8-8d262849bb3d,e17421f6-26d6-422a-9087-1ce3dcdf6a12
e2aba7e5-9bb8-458b-a927-8e672b1370f2,8fbf56d5-ac30-42aa-aca3-24dde32c63fa
e2aba7e5-9bb8-458b-a927-8e672b1370f2,77bc374e-dcb6-4859-b356-c511a5860bdc
e2aba7e5-9bb8-458b-a927-8e672b1370f2,b5beb647-26be-4e5e-bbee-b4279b9c8e90
e2aba7e5-9bb8-458b-a927-8e672b1370f2,200916e1-9f68-48ba-9fdd-672f27bfe123
e2aba7e5-9bb8-458b-a927-8e672b1370f2,58e5c73b-cad6-4b2c-8e25-635b4e5eb7c6
e2aba7e5-9bb8-458b-a927-8e672b1370f2,e17421f6-26d6-422a-9087-1ce3dcdf6a12
4ff1f9cb-e65d-4c8f-908a-d036700b757e,0ae3aa19-e421-4c5f-bb9a-d9f932689e5f
4ff1f9cb-e65d-4c8f-908a-d036700b757e,8fbf56d5-ac30-42aa-aca3-24dde32c63fa
4ff1f9cb-e65d-4c8f-908a-d036700b757e,77bc374e-dcb6-4859-b356-c511a5860bdc
4ff1f9cb-e65d-4c8f-908a-d036700b757e,b5beb647-26be-4e5e-bbee-b4279b9c8e90
4ff1f9cb-e65d-4c8f-908a-d036700b757e,200916e1-9f68-48ba-9fdd-672f27bfe123
4ff1f9cb-e65d-4c8f-908a-d036700b757e,58e5c73b-cad6-4b2c-8e25-635b4e5eb7c6
4ff1f9cb-e65d-4c8f-908a-d036700b757e,e17421f6-26d6-422a-9087-1ce3dcdf6a12